0,L:RFQPAH,158,L:RFBPAH,229.5,L:V5QSET,-32.5
1,L:RFQPAH,160,L:RFBPAH,229.5,L:V5QSET,-32.5
1,L:RFQPAH,162,L:RFBPAH,229.5,L:V5QSET,-32.5
1,L:RFQPAH,164,L:RFBPAH,229.5,L:V5QSET,-32.5
1,L:RFQPAH,166,L:RFBPAH,229.5,L:V5QSET,-32.5
1,L:RFQPAH,168,L:RFBPAH,229.5,L:V5QSET,-32.5
1,L:RFQPAH,158,L:RFBPAH,230.5,L:V5QSET,-32.5
1,L:RFQPAH,160,L:RFBPAH,230.5,L:V5QSET,-32.5
1,L:RFQPAH,162,L:RFBPAH,230.5,L:V5QSET,-32.5
1,L:RFQPAH,164,L:RFBPAH,230.5,L:V5QSET,-32.5
1,L:RFQPAH,166,L:RFBPAH,230.5,L:V5QSET,-32.5
1,L:RFQPAH,168,L:RFBPAH,230.5,L:V5QSET,-32.5
1,L:RFQPAH,158,L:RFBPAH,231.5,L:V5QSET,-32.5
1,L:RFQPAH,160,L:RFBPAH,231.5,L:V5QSET,-32.5
1,L:RFQPAH,162,L:RFBPAH,231.5,L:V5QSET,-32.5
1,L:RFQPAH,164,L:RFBPAH,231.5,L:V5QSET,-32.5
1,L:RFQPAH,166,L:RFBPAH,231.5,L:V5QSET,-32.5
1,L:RFQPAH,168,L:RFBPAH,231.5,L:V5QSET,-32.5
1,L:RFQPAH,158,L:RFBPAH,232.5,L:V5QSET,-32.5
1,L:RFQPAH,160,L:RFBPAH,232.5,L:V5QSET,-32.5
1,L:RFQPAH,162,L:RFBPAH,232.5,L:V5QSET,-32.5
1,L:RFQPAH,164,L:RFBPAH,232.5,L:V5QSET,-32.5
1,L:RFQPAH,166,L:RFBPAH,232.5,L:V5QSET,-32.5
1,L:RFQPAH,168,L:RFBPAH,232.5,L:V5QSET,-32.5
1,L:RFQPAH,158,L:RFBPAH,233.5,L:V5QSET,-32.5
1,L:RFQPAH,160,L:RFBPAH,233.5,L:V5QSET,-32.5
1,L:RFQPAH,162,L:RFBPAH,233.5,L:V5QSET,-32.5
1,L:RFQPAH,164,L:RFBPAH,233.5,L:V5QSET,-32.5
1,L:RFQPAH,166,L:RFBPAH,233.5,L:V5QSET,-32.5
1,L:RFQPAH,168,L:RFBPAH,233.5,L:V5QSET,-32.5
1,L:RFQPAH,158,L:RFBPAH,234.5,L:V5QSET,-32.5
1,L:RFQPAH,160,L:RFBPAH,234.5,L:V5QSET,-32.5
1,L:RFQPAH,162,L:RFBPAH,234.5,L:V5QSET,-32.5
1,L:RFQPAH,164,L:RFBPAH,234.5,L:V5QSET,-32.5
1,L:RFQPAH,166,L:RFBPAH,234.5,L:V5QSET,-32.5
1,L:RFQPAH,168,L:RFBPAH,234.5,L:V5QSET,-32.5
1,L:RFQPAH,158,L:RFBPAH,235.5,L:V5QSET,-32.5
1,L:RFQPAH,160,L:RFBPAH,235.5,L:V5QSET,-32.5
1,L:RFQPAH,162,L:RFBPAH,235.5,L:V5QSET,-32.5
1,L:RFQPAH,164,L:RFBPAH,235.5,L:V5QSET,-32.5
1,L:RFQPAH,166,L:RFBPAH,235.5,L:V5QSET,-32.5
1,L:RFQPAH,168,L:RFBPAH,235.5,L:V5QSET,-32.5
1,L:RFQPAH,158,L:RFBPAH,229.5,L:V5QSET,-32.3
1,L:RFQPAH,160,L:RFBPAH,229.5,L:V5QSET,-32.3
1,L:RFQPAH,162,L:RFBPAH,229.5,L:V5QSET,-32.3
1,L:RFQPAH,164,L:RFBPAH,229.5,L:V5QSET,-32.3
1,L:RFQPAH,166,L:RFBPAH,229.5,L:V5QSET,-32.3
1,L:RFQPAH,168,L:RFBPAH,229.5,L:V5QSET,-32.3
1,L:RFQPAH,158,L:RFBPAH,230.5,L:V5QSET,-32.3
1,L:RFQPAH,160,L:RFBPAH,230.5,L:V5QSET,-32.3
1,L:RFQPAH,162,L:RFBPAH,230.5,L:V5QSET,-32.3
1,L:RFQPAH,164,L:RFBPAH,230.5,L:V5QSET,-32.3
1,L:RFQPAH,166,L:RFBPAH,230.5,L:V5QSET,-32.3
1,L:RFQPAH,168,L:RFBPAH,230.5,L:V5QSET,-32.3
1,L:RFQPAH,158,L:RFBPAH,231.5,L:V5QSET,-32.3
1,L:RFQPAH,160,L:RFBPAH,231.5,L:V5QSET,-32.3
1,L:RFQPAH,162,L:RFBPAH,231.5,L:V5QSET,-32.3
1,L:RFQPAH,164,L:RFBPAH,231.5,L:V5QSET,-32.3
1,L:RFQPAH,166,L:RFBPAH,231.5,L:V5QSET,-32.3
1,L:RFQPAH,168,L:RFBPAH,231.5,L:V5QSET,-32.3
1,L:RFQPAH,158,L:RFBPAH,232.5,L:V5QSET,-32.3
1,L:RFQPAH,160,L:RFBPAH,232.5,L:V5QSET,-32.3
1,L:RFQPAH,162,L:RFBPAH,232.5,L:V5QSET,-32.3
1,L:RFQPAH,164,L:RFBPAH,232.5,L:V5QSET,-32.3
1,L:RFQPAH,166,L:RFBPAH,232.5,L:V5QSET,-32.3
1,L:RFQPAH,168,L:RFBPAH,232.5,L:V5QSET,-32.3
1,L:RFQPAH,158,L:RFBPAH,233.5,L:V5QSET,-32.3
1,L:RFQPAH,160,L:RFBPAH,233.5,L:V5QSET,-32.3
1,L:RFQPAH,162,L:RFBPAH,233.5,L:V5QSET,-32.3
1,L:RFQPAH,164,L:RFBPAH,233.5,L:V5QSET,-32.3
1,L:RFQPAH,166,L:RFBPAH,233.5,L:V5QSET,-32.3
1,L:RFQPAH,168,L:RFBPAH,233.5,L:V5QSET,-32.3
1,L:RFQPAH,158,L:RFBPAH,234.5,L:V5QSET,-32.3
1,L:RFQPAH,160,L:RFBPAH,234.5,L:V5QSET,-32.3
1,L:RFQPAH,162,L:RFBPAH,234.5,L:V5QSET,-32.3
1,L:RFQPAH,164,L:RFBPAH,234.5,L:V5QSET,-32.3
1,L:RFQPAH,166,L:RFBPAH,234.5,L:V5QSET,-32.3
1,L:RFQPAH,168,L:RFBPAH,234.5,L:V5QSET,-32.3
1,L:RFQPAH,158,L:RFBPAH,235.5,L:V5QSET,-32.3
1,L:RFQPAH,160,L:RFBPAH,235.5,L:V5QSET,-32.3
1,L:RFQPAH,162,L:RFBPAH,235.5,L:V5QSET,-32.3
1,L:RFQPAH,164,L:RFBPAH,235.5,L:V5QSET,-32.3
1,L:RFQPAH,166,L:RFBPAH,235.5,L:V5QSET,-32.3
1,L:RFQPAH,168,L:RFBPAH,235.5,L:V5QSET,-32.3
1,L:RFQPAH,158,L:RFBPAH,229.5,L:V5QSET,-32.1
1,L:RFQPAH,160,L:RFBPAH,229.5,L:V5QSET,-32.1
1,L:RFQPAH,162,L:RFBPAH,229.5,L:V5QSET,-32.1
1,L:RFQPAH,164,L:RFBPAH,229.5,L:V5QSET,-32.1
1,L:RFQPAH,166,L:RFBPAH,229.5,L:V5QSET,-32.1
1,L:RFQPAH,168,L:RFBPAH,229.5,L:V5QSET,-32.1
1,L:RFQPAH,158,L:RFBPAH,230.5,L:V5QSET,-32.1
1,L:RFQPAH,160,L:RFBPAH,230.5,L:V5QSET,-32.1
1,L:RFQPAH,162,L:RFBPAH,230.5,L:V5QSET,-32.1
1,L:RFQPAH,164,L:RFBPAH,230.5,L:V5QSET,-32.1
1,L:RFQPAH,166,L:RFBPAH,230.5,L:V5QSET,-32.1
1,L:RFQPAH,168,L:RFBPAH,230.5,L:V5QSET,-32.1
1,L:RFQPAH,158,L:RFBPAH,231.5,L:V5QSET,-32.1
1,L:RFQPAH,160,L:RFBPAH,231.5,L:V5QSET,-32.1
1,L:RFQPAH,162,L:RFBPAH,231.5,L:V5QSET,-32.1
1,L:RFQPAH,164,L:RFBPAH,231.5,L:V5QSET,-32.1
1,L:RFQPAH,166,L:RFBPAH,231.5,L:V5QSET,-32.1
1,L:RFQPAH,168,L:RFBPAH,231.5,L:V5QSET,-32.1
1,L:RFQPAH,158,L:RFBPAH,232.5,L:V5QSET,-32.1
1,L:RFQPAH,160,L:RFBPAH,232.5,L:V5QSET,-32.1
1,L:RFQPAH,162,L:RFBPAH,232.5,L:V5QSET,-32.1
1,L:RFQPAH,164,L:RFBPAH,232.5,L:V5QSET,-32.1
1,L:RFQPAH,166,L:RFBPAH,232.5,L:V5QSET,-32.1
1,L:RFQPAH,168,L:RFBPAH,232.5,L:V5QSET,-32.1
1,L:RFQPAH,158,L:RFBPAH,233.5,L:V5QSET,-32.1
1,L:RFQPAH,160,L:RFBPAH,233.5,L:V5QSET,-32.1
1,L:RFQPAH,162,L:RFBPAH,233.5,L:V5QSET,-32.1
1,L:RFQPAH,164,L:RFBPAH,233.5,L:V5QSET,-32.1
1,L:RFQPAH,166,L:RFBPAH,233.5,L:V5QSET,-32.1
1,L:RFQPAH,168,L:RFBPAH,233.5,L:V5QSET,-32.1
1,L:RFQPAH,158,L:RFBPAH,234.5,L:V5QSET,-32.1
1,L:RFQPAH,160,L:RFBPAH,234.5,L:V5QSET,-32.1
1,L:RFQPAH,162,L:RFBPAH,234.5,L:V5QSET,-32.1
1,L:RFQPAH,164,L:RFBPAH,234.5,L:V5QSET,-32.1
1,L:RFQPAH,166,L:RFBPAH,234.5,L:V5QSET,-32.1
1,L:RFQPAH,168,L:RFBPAH,234.5,L:V5QSET,-32.1
1,L:RFQPAH,158,L:RFBPAH,235.5,L:V5QSET,-32.1
1,L:RFQPAH,160,L:RFBPAH,235.5,L:V5QSET,-32.1
1,L:RFQPAH,162,L:RFBPAH,235.5,L:V5QSET,-32.1
1,L:RFQPAH,164,L:RFBPAH,235.5,L:V5QSET,-32.1
1,L:RFQPAH,166,L:RFBPAH,235.5,L:V5QSET,-32.1
1,L:RFQPAH,168,L:RFBPAH,235.5,L:V5QSET,-32.1
1,L:RFQPAH,158,L:RFBPAH,229.5,L:V5QSET,-31.9
1,L:RFQPAH,160,L:RFBPAH,229.5,L:V5QSET,-31.9
1,L:RFQPAH,162,L:RFBPAH,229.5,L:V5QSET,-31.9
1,L:RFQPAH,164,L:RFBPAH,229.5,L:V5QSET,-31.9
1,L:RFQPAH,166,L:RFBPAH,229.5,L:V5QSET,-31.9
1,L:RFQPAH,168,L:RFBPAH,229.5,L:V5QSET,-31.9
1,L:RFQPAH,158,L:RFBPAH,230.5,L:V5QSET,-31.9
1,L:RFQPAH,160,L:RFBPAH,230.5,L:V5QSET,-31.9
1,L:RFQPAH,162,L:RFBPAH,230.5,L:V5QSET,-31.9
1,L:RFQPAH,164,L:RFBPAH,230.5,L:V5QSET,-31.9
1,L:RFQPAH,166,L:RFBPAH,230.5,L:V5QSET,-31.9
1,L:RFQPAH,168,L:RFBPAH,230.5,L:V5QSET,-31.9
1,L:RFQPAH,158,L:RFBPAH,231.5,L:V5QSET,-31.9
1,L:RFQPAH,160,L:RFBPAH,231.5,L:V5QSET,-31.9
1,L:RFQPAH,162,L:RFBPAH,231.5,L:V5QSET,-31.9
1,L:RFQPAH,164,L:RFBPAH,231.5,L:V5QSET,-31.9
1,L:RFQPAH,166,L:RFBPAH,231.5,L:V5QSET,-31.9
1,L:RFQPAH,168,L:RFBPAH,231.5,L:V5QSET,-31.9
1,L:RFQPAH,158,L:RFBPAH,232.5,L:V5QSET,-31.9
1,L:RFQPAH,160,L:RFBPAH,232.5,L:V5QSET,-31.9
1,L:RFQPAH,162,L:RFBPAH,232.5,L:V5QSET,-31.9
1,L:RFQPAH,164,L:RFBPAH,232.5,L:V5QSET,-31.9
1,L:RFQPAH,166,L:RFBPAH,232.5,L:V5QSET,-31.9
1,L:RFQPAH,168,L:RFBPAH,232.5,L:V5QSET,-31.9
1,L:RFQPAH,158,L:RFBPAH,233.5,L:V5QSET,-31.9
1,L:RFQPAH,160,L:RFBPAH,233.5,L:V5QSET,-31.9
1,L:RFQPAH,162,L:RFBPAH,233.5,L:V5QSET,-31.9
1,L:RFQPAH,164,L:RFBPAH,233.5,L:V5QSET,-31.9
1,L:RFQPAH,166,L:RFBPAH,233.5,L:V5QSET,-31.9
1,L:RFQPAH,168,L:RFBPAH,233.5,L:V5QSET,-31.9
1,L:RFQPAH,158,L:RFBPAH,234.5,L:V5QSET,-31.9
1,L:RFQPAH,160,L:RFBPAH,234.5,L:V5QSET,-31.9
1,L:RFQPAH,162,L:RFBPAH,234.5,L:V5QSET,-31.9
1,L:RFQPAH,164,L:RFBPAH,234.5,L:V5QSET,-31.9
1,L:RFQPAH,166,L:RFBPAH,234.5,L:V5QSET,-31.9
1,L:RFQPAH,168,L:RFBPAH,234.5,L:V5QSET,-31.9
1,L:RFQPAH,158,L:RFBPAH,235.5,L:V5QSET,-31.9
1,L:RFQPAH,160,L:RFBPAH,235.5,L:V5QSET,-31.9
1,L:RFQPAH,162,L:RFBPAH,235.5,L:V5QSET,-31.9
1,L:RFQPAH,164,L:RFBPAH,235.5,L:V5QSET,-31.9
1,L:RFQPAH,166,L:RFBPAH,235.5,L:V5QSET,-31.9
1,L:RFQPAH,168,L:RFBPAH,235.5,L:V5QSET,-31.9
1,L:RFQPAH,158,L:RFBPAH,229.5,L:V5QSET,-31.7
1,L:RFQPAH,160,L:RFBPAH,229.5,L:V5QSET,-31.7
1,L:RFQPAH,162,L:RFBPAH,229.5,L:V5QSET,-31.7
1,L:RFQPAH,164,L:RFBPAH,229.5,L:V5QSET,-31.7
1,L:RFQPAH,166,L:RFBPAH,229.5,L:V5QSET,-31.7
1,L:RFQPAH,168,L:RFBPAH,229.5,L:V5QSET,-31.7
1,L:RFQPAH,158,L:RFBPAH,230.5,L:V5QSET,-31.7
1,L:RFQPAH,160,L:RFBPAH,230.5,L:V5QSET,-31.7
1,L:RFQPAH,162,L:RFBPAH,230.5,L:V5QSET,-31.7
1,L:RFQPAH,164,L:RFBPAH,230.5,L:V5QSET,-31.7
1,L:RFQPAH,166,L:RFBPAH,230.5,L:V5QSET,-31.7
1,L:RFQPAH,168,L:RFBPAH,230.5,L:V5QSET,-31.7
1,L:RFQPAH,158,L:RFBPAH,231.5,L:V5QSET,-31.7
1,L:RFQPAH,160,L:RFBPAH,231.5,L:V5QSET,-31.7
1,L:RFQPAH,162,L:RFBPAH,231.5,L:V5QSET,-31.7
1,L:RFQPAH,164,L:RFBPAH,231.5,L:V5QSET,-31.7
1,L:RFQPAH,166,L:RFBPAH,231.5,L:V5QSET,-31.7
1,L:RFQPAH,168,L:RFBPAH,231.5,L:V5QSET,-31.7
1,L:RFQPAH,158,L:RFBPAH,232.5,L:V5QSET,-31.7
1,L:RFQPAH,160,L:RFBPAH,232.5,L:V5QSET,-31.7
1,L:RFQPAH,162,L:RFBPAH,232.5,L:V5QSET,-31.7
1,L:RFQPAH,164,L:RFBPAH,232.5,L:V5QSET,-31.7
1,L:RFQPAH,166,L:RFBPAH,232.5,L:V5QSET,-31.7
1,L:RFQPAH,168,L:RFBPAH,232.5,L:V5QSET,-31.7
1,L:RFQPAH,158,L:RFBPAH,233.5,L:V5QSET,-31.7
1,L:RFQPAH,160,L:RFBPAH,233.5,L:V5QSET,-31.7
1,L:RFQPAH,162,L:RFBPAH,233.5,L:V5QSET,-31.7
1,L:RFQPAH,164,L:RFBPAH,233.5,L:V5QSET,-31.7
1,L:RFQPAH,166,L:RFBPAH,233.5,L:V5QSET,-31.7
1,L:RFQPAH,168,L:RFBPAH,233.5,L:V5QSET,-31.7
1,L:RFQPAH,158,L:RFBPAH,234.5,L:V5QSET,-31.7
1,L:RFQPAH,160,L:RFBPAH,234.5,L:V5QSET,-31.7
1,L:RFQPAH,162,L:RFBPAH,234.5,L:V5QSET,-31.7
1,L:RFQPAH,164,L:RFBPAH,234.5,L:V5QSET,-31.7
1,L:RFQPAH,166,L:RFBPAH,234.5,L:V5QSET,-31.7
1,L:RFQPAH,168,L:RFBPAH,234.5,L:V5QSET,-31.7
1,L:RFQPAH,158,L:RFBPAH,235.5,L:V5QSET,-31.7
1,L:RFQPAH,160,L:RFBPAH,235.5,L:V5QSET,-31.7
1,L:RFQPAH,162,L:RFBPAH,235.5,L:V5QSET,-31.7
1,L:RFQPAH,164,L:RFBPAH,235.5,L:V5QSET,-31.7
1,L:RFQPAH,166,L:RFBPAH,235.5,L:V5QSET,-31.7
1,L:RFQPAH,168,L:RFBPAH,235.5,L:V5QSET,-31.7
1,L:RFQPAH,158,L:RFBPAH,229.5,L:V5QSET,-31.5
1,L:RFQPAH,160,L:RFBPAH,229.5,L:V5QSET,-31.5
1,L:RFQPAH,162,L:RFBPAH,229.5,L:V5QSET,-31.5
1,L:RFQPAH,164,L:RFBPAH,229.5,L:V5QSET,-31.5
1,L:RFQPAH,166,L:RFBPAH,229.5,L:V5QSET,-31.5
1,L:RFQPAH,168,L:RFBPAH,229.5,L:V5QSET,-31.5
1,L:RFQPAH,158,L:RFBPAH,230.5,L:V5QSET,-31.5
1,L:RFQPAH,160,L:RFBPAH,230.5,L:V5QSET,-31.5
1,L:RFQPAH,162,L:RFBPAH,230.5,L:V5QSET,-31.5
1,L:RFQPAH,164,L:RFBPAH,230.5,L:V5QSET,-31.5
1,L:RFQPAH,166,L:RFBPAH,230.5,L:V5QSET,-31.5
1,L:RFQPAH,168,L:RFBPAH,230.5,L:V5QSET,-31.5
1,L:RFQPAH,158,L:RFBPAH,231.5,L:V5QSET,-31.5
1,L:RFQPAH,160,L:RFBPAH,231.5,L:V5QSET,-31.5
1,L:RFQPAH,162,L:RFBPAH,231.5,L:V5QSET,-31.5
1,L:RFQPAH,164,L:RFBPAH,231.5,L:V5QSET,-31.5
1,L:RFQPAH,166,L:RFBPAH,231.5,L:V5QSET,-31.5
1,L:RFQPAH,168,L:RFBPAH,231.5,L:V5QSET,-31.5
1,L:RFQPAH,158,L:RFBPAH,232.5,L:V5QSET,-31.5
1,L:RFQPAH,160,L:RFBPAH,232.5,L:V5QSET,-31.5
1,L:RFQPAH,162,L:RFBPAH,232.5,L:V5QSET,-31.5
1,L:RFQPAH,164,L:RFBPAH,232.5,L:V5QSET,-31.5
1,L:RFQPAH,166,L:RFBPAH,232.5,L:V5QSET,-31.5
1,L:RFQPAH,168,L:RFBPAH,232.5,L:V5QSET,-31.5
1,L:RFQPAH,158,L:RFBPAH,233.5,L:V5QSET,-31.5
1,L:RFQPAH,160,L:RFBPAH,233.5,L:V5QSET,-31.5
1,L:RFQPAH,162,L:RFBPAH,233.5,L:V5QSET,-31.5
1,L:RFQPAH,164,L:RFBPAH,233.5,L:V5QSET,-31.5
1,L:RFQPAH,166,L:RFBPAH,233.5,L:V5QSET,-31.5
1,L:RFQPAH,168,L:RFBPAH,233.5,L:V5QSET,-31.5
1,L:RFQPAH,158,L:RFBPAH,234.5,L:V5QSET,-31.5
1,L:RFQPAH,160,L:RFBPAH,234.5,L:V5QSET,-31.5
1,L:RFQPAH,162,L:RFBPAH,234.5,L:V5QSET,-31.5
1,L:RFQPAH,164,L:RFBPAH,234.5,L:V5QSET,-31.5
1,L:RFQPAH,166,L:RFBPAH,234.5,L:V5QSET,-31.5
1,L:RFQPAH,168,L:RFBPAH,234.5,L:V5QSET,-31.5
1,L:RFQPAH,158,L:RFBPAH,235.5,L:V5QSET,-31.5
1,L:RFQPAH,160,L:RFBPAH,235.5,L:V5QSET,-31.5
1,L:RFQPAH,162,L:RFBPAH,235.5,L:V5QSET,-31.5
1,L:RFQPAH,164,L:RFBPAH,235.5,L:V5QSET,-31.5
1,L:RFQPAH,166,L:RFBPAH,235.5,L:V5QSET,-31.5
1,L:RFQPAH,168,L:RFBPAH,235.5,L:V5QSET,-31.5
1,L:RFQPAH,158,L:RFBPAH,229.5,L:V5QSET,-31.3
1,L:RFQPAH,160,L:RFBPAH,229.5,L:V5QSET,-31.3
1,L:RFQPAH,162,L:RFBPAH,229.5,L:V5QSET,-31.3
1,L:RFQPAH,164,L:RFBPAH,229.5,L:V5QSET,-31.3
1,L:RFQPAH,166,L:RFBPAH,229.5,L:V5QSET,-31.3
1,L:RFQPAH,168,L:RFBPAH,229.5,L:V5QSET,-31.3
1,L:RFQPAH,158,L:RFBPAH,230.5,L:V5QSET,-31.3
1,L:RFQPAH,160,L:RFBPAH,230.5,L:V5QSET,-31.3
1,L:RFQPAH,162,L:RFBPAH,230.5,L:V5QSET,-31.3
1,L:RFQPAH,164,L:RFBPAH,230.5,L:V5QSET,-31.3
1,L:RFQPAH,166,L:RFBPAH,230.5,L:V5QSET,-31.3
1,L:RFQPAH,168,L:RFBPAH,230.5,L:V5QSET,-31.3
1,L:RFQPAH,158,L:RFBPAH,231.5,L:V5QSET,-31.3
1,L:RFQPAH,160,L:RFBPAH,231.5,L:V5QSET,-31.3
1,L:RFQPAH,162,L:RFBPAH,231.5,L:V5QSET,-31.3
1,L:RFQPAH,164,L:RFBPAH,231.5,L:V5QSET,-31.3
1,L:RFQPAH,166,L:RFBPAH,231.5,L:V5QSET,-31.3
1,L:RFQPAH,168,L:RFBPAH,231.5,L:V5QSET,-31.3
1,L:RFQPAH,158,L:RFBPAH,232.5,L:V5QSET,-31.3
1,L:RFQPAH,160,L:RFBPAH,232.5,L:V5QSET,-31.3
1,L:RFQPAH,162,L:RFBPAH,232.5,L:V5QSET,-31.3
1,L:RFQPAH,164,L:RFBPAH,232.5,L:V5QSET,-31.3
1,L:RFQPAH,166,L:RFBPAH,232.5,L:V5QSET,-31.3
1,L:RFQPAH,168,L:RFBPAH,232.5,L:V5QSET,-31.3
1,L:RFQPAH,158,L:RFBPAH,233.5,L:V5QSET,-31.3
1,L:RFQPAH,160,L:RFBPAH,233.5,L:V5QSET,-31.3
1,L:RFQPAH,162,L:RFBPAH,233.5,L:V5QSET,-31.3
1,L:RFQPAH,164,L:RFBPAH,233.5,L:V5QSET,-31.3
1,L:RFQPAH,166,L:RFBPAH,233.5,L:V5QSET,-31.3
1,L:RFQPAH,168,L:RFBPAH,233.5,L:V5QSET,-31.3
1,L:RFQPAH,158,L:RFBPAH,234.5,L:V5QSET,-31.3
1,L:RFQPAH,160,L:RFBPAH,234.5,L:V5QSET,-31.3
1,L:RFQPAH,162,L:RFBPAH,234.5,L:V5QSET,-31.3
1,L:RFQPAH,164,L:RFBPAH,234.5,L:V5QSET,-31.3
1,L:RFQPAH,166,L:RFBPAH,234.5,L:V5QSET,-31.3
1,L:RFQPAH,168,L:RFBPAH,234.5,L:V5QSET,-31.3
1,L:RFQPAH,158,L:RFBPAH,235.5,L:V5QSET,-31.3
1,L:RFQPAH,160,L:RFBPAH,235.5,L:V5QSET,-31.3
1,L:RFQPAH,162,L:RFBPAH,235.5,L:V5QSET,-31.3
1,L:RFQPAH,164,L:RFBPAH,235.5,L:V5QSET,-31.3
1,L:RFQPAH,166,L:RFBPAH,235.5,L:V5QSET,-31.3
1,L:RFQPAH,168,L:RFBPAH,235.5,L:V5QSET,-31.3
1,L:RFQPAH,158,L:RFBPAH,229.5,L:V5QSET,-31.1
1,L:RFQPAH,160,L:RFBPAH,229.5,L:V5QSET,-31.1
1,L:RFQPAH,162,L:RFBPAH,229.5,L:V5QSET,-31.1
1,L:RFQPAH,164,L:RFBPAH,229.5,L:V5QSET,-31.1
1,L:RFQPAH,166,L:RFBPAH,229.5,L:V5QSET,-31.1
1,L:RFQPAH,168,L:RFBPAH,229.5,L:V5QSET,-31.1
1,L:RFQPAH,158,L:RFBPAH,230.5,L:V5QSET,-31.1
1,L:RFQPAH,160,L:RFBPAH,230.5,L:V5QSET,-31.1
1,L:RFQPAH,162,L:RFBPAH,230.5,L:V5QSET,-31.1
1,L:RFQPAH,164,L:RFBPAH,230.5,L:V5QSET,-31.1
1,L:RFQPAH,166,L:RFBPAH,230.5,L:V5QSET,-31.1
1,L:RFQPAH,168,L:RFBPAH,230.5,L:V5QSET,-31.1
1,L:RFQPAH,158,L:RFBPAH,231.5,L:V5QSET,-31.1
1,L:RFQPAH,160,L:RFBPAH,231.5,L:V5QSET,-31.1
1,L:RFQPAH,162,L:RFBPAH,231.5,L:V5QSET,-31.1
1,L:RFQPAH,164,L:RFBPAH,231.5,L:V5QSET,-31.1
1,L:RFQPAH,166,L:RFBPAH,231.5,L:V5QSET,-31.1
1,L:RFQPAH,168,L:RFBPAH,231.5,L:V5QSET,-31.1
1,L:RFQPAH,158,L:RFBPAH,232.5,L:V5QSET,-31.1
1,L:RFQPAH,160,L:RFBPAH,232.5,L:V5QSET,-31.1
1,L:RFQPAH,162,L:RFBPAH,232.5,L:V5QSET,-31.1
1,L:RFQPAH,164,L:RFBPAH,232.5,L:V5QSET,-31.1
1,L:RFQPAH,166,L:RFBPAH,232.5,L:V5QSET,-31.1
1,L:RFQPAH,168,L:RFBPAH,232.5,L:V5QSET,-31.1
1,L:RFQPAH,158,L:RFBPAH,233.5,L:V5QSET,-31.1
1,L:RFQPAH,160,L:RFBPAH,233.5,L:V5QSET,-31.1
1,L:RFQPAH,162,L:RFBPAH,233.5,L:V5QSET,-31.1
1,L:RFQPAH,164,L:RFBPAH,233.5,L:V5QSET,-31.1
1,L:RFQPAH,166,L:RFBPAH,233.5,L:V5QSET,-31.1
1,L:RFQPAH,168,L:RFBPAH,233.5,L:V5QSET,-31.1
1,L:RFQPAH,158,L:RFBPAH,234.5,L:V5QSET,-31.1
1,L:RFQPAH,160,L:RFBPAH,234.5,L:V5QSET,-31.1
1,L:RFQPAH,162,L:RFBPAH,234.5,L:V5QSET,-31.1
1,L:RFQPAH,164,L:RFBPAH,234.5,L:V5QSET,-31.1
1,L:RFQPAH,166,L:RFBPAH,234.5,L:V5QSET,-31.1
1,L:RFQPAH,168,L:RFBPAH,234.5,L:V5QSET,-31.1
1,L:RFQPAH,158,L:RFBPAH,235.5,L:V5QSET,-31.1
1,L:RFQPAH,160,L:RFBPAH,235.5,L:V5QSET,-31.1
1,L:RFQPAH,162,L:RFBPAH,235.5,L:V5QSET,-31.1
1,L:RFQPAH,164,L:RFBPAH,235.5,L:V5QSET,-31.1
1,L:RFQPAH,166,L:RFBPAH,235.5,L:V5QSET,-31.1
1,L:RFQPAH,168,L:RFBPAH,235.5,L:V5QSET,-31.1
1,L:RFQPAH,158,L:RFBPAH,229.5,L:V5QSET,-30.9
1,L:RFQPAH,160,L:RFBPAH,229.5,L:V5QSET,-30.9
1,L:RFQPAH,162,L:RFBPAH,229.5,L:V5QSET,-30.9
1,L:RFQPAH,164,L:RFBPAH,229.5,L:V5QSET,-30.9
1,L:RFQPAH,166,L:RFBPAH,229.5,L:V5QSET,-30.9
1,L:RFQPAH,168,L:RFBPAH,229.5,L:V5QSET,-30.9
1,L:RFQPAH,158,L:RFBPAH,230.5,L:V5QSET,-30.9
1,L:RFQPAH,160,L:RFBPAH,230.5,L:V5QSET,-30.9
1,L:RFQPAH,162,L:RFBPAH,230.5,L:V5QSET,-30.9
1,L:RFQPAH,164,L:RFBPAH,230.5,L:V5QSET,-30.9
1,L:RFQPAH,166,L:RFBPAH,230.5,L:V5QSET,-30.9
1,L:RFQPAH,168,L:RFBPAH,230.5,L:V5QSET,-30.9
1,L:RFQPAH,158,L:RFBPAH,231.5,L:V5QSET,-30.9
1,L:RFQPAH,160,L:RFBPAH,231.5,L:V5QSET,-30.9
1,L:RFQPAH,162,L:RFBPAH,231.5,L:V5QSET,-30.9
1,L:RFQPAH,164,L:RFBPAH,231.5,L:V5QSET,-30.9
1,L:RFQPAH,166,L:RFBPAH,231.5,L:V5QSET,-30.9
1,L:RFQPAH,168,L:RFBPAH,231.5,L:V5QSET,-30.9
1,L:RFQPAH,158,L:RFBPAH,232.5,L:V5QSET,-30.9
1,L:RFQPAH,160,L:RFBPAH,232.5,L:V5QSET,-30.9
1,L:RFQPAH,162,L:RFBPAH,232.5,L:V5QSET,-30.9
1,L:RFQPAH,164,L:RFBPAH,232.5,L:V5QSET,-30.9
1,L:RFQPAH,166,L:RFBPAH,232.5,L:V5QSET,-30.9
1,L:RFQPAH,168,L:RFBPAH,232.5,L:V5QSET,-30.9
1,L:RFQPAH,158,L:RFBPAH,233.5,L:V5QSET,-30.9
1,L:RFQPAH,160,L:RFBPAH,233.5,L:V5QSET,-30.9
1,L:RFQPAH,162,L:RFBPAH,233.5,L:V5QSET,-30.9
1,L:RFQPAH,164,L:RFBPAH,233.5,L:V5QSET,-30.9
1,L:RFQPAH,166,L:RFBPAH,233.5,L:V5QSET,-30.9
1,L:RFQPAH,168,L:RFBPAH,233.5,L:V5QSET,-30.9
1,L:RFQPAH,158,L:RFBPAH,234.5,L:V5QSET,-30.9
1,L:RFQPAH,160,L:RFBPAH,234.5,L:V5QSET,-30.9
1,L:RFQPAH,162,L:RFBPAH,234.5,L:V5QSET,-30.9
1,L:RFQPAH,164,L:RFBPAH,234.5,L:V5QSET,-30.9
1,L:RFQPAH,166,L:RFBPAH,234.5,L:V5QSET,-30.9
1,L:RFQPAH,168,L:RFBPAH,234.5,L:V5QSET,-30.9
1,L:RFQPAH,158,L:RFBPAH,235.5,L:V5QSET,-30.9
1,L:RFQPAH,160,L:RFBPAH,235.5,L:V5QSET,-30.9
1,L:RFQPAH,162,L:RFBPAH,235.5,L:V5QSET,-30.9
1,L:RFQPAH,164,L:RFBPAH,235.5,L:V5QSET,-30.9
1,L:RFQPAH,166,L:RFBPAH,235.5,L:V5QSET,-30.9
1,L:RFQPAH,168,L:RFBPAH,235.5,L:V5QSET,-30.9
1,L:RFQPAH,158,L:RFBPAH,229.5,L:V5QSET,-30.7
1,L:RFQPAH,160,L:RFBPAH,229.5,L:V5QSET,-30.7
1,L:RFQPAH,162,L:RFBPAH,229.5,L:V5QSET,-30.7
1,L:RFQPAH,164,L:RFBPAH,229.5,L:V5QSET,-30.7
1,L:RFQPAH,166,L:RFBPAH,229.5,L:V5QSET,-30.7
1,L:RFQPAH,168,L:RFBPAH,229.5,L:V5QSET,-30.7
1,L:RFQPAH,158,L:RFBPAH,230.5,L:V5QSET,-30.7
1,L:RFQPAH,160,L:RFBPAH,230.5,L:V5QSET,-30.7
1,L:RFQPAH,162,L:RFBPAH,230.5,L:V5QSET,-30.7
1,L:RFQPAH,164,L:RFBPAH,230.5,L:V5QSET,-30.7
1,L:RFQPAH,166,L:RFBPAH,230.5,L:V5QSET,-30.7
1,L:RFQPAH,168,L:RFBPAH,230.5,L:V5QSET,-30.7
1,L:RFQPAH,158,L:RFBPAH,231.5,L:V5QSET,-30.7
1,L:RFQPAH,160,L:RFBPAH,231.5,L:V5QSET,-30.7
1,L:RFQPAH,162,L:RFBPAH,231.5,L:V5QSET,-30.7
1,L:RFQPAH,164,L:RFBPAH,231.5,L:V5QSET,-30.7
1,L:RFQPAH,166,L:RFBPAH,231.5,L:V5QSET,-30.7
1,L:RFQPAH,168,L:RFBPAH,231.5,L:V5QSET,-30.7
1,L:RFQPAH,158,L:RFBPAH,232.5,L:V5QSET,-30.7
1,L:RFQPAH,160,L:RFBPAH,232.5,L:V5QSET,-30.7
1,L:RFQPAH,162,L:RFBPAH,232.5,L:V5QSET,-30.7
1,L:RFQPAH,164,L:RFBPAH,232.5,L:V5QSET,-30.7
1,L:RFQPAH,166,L:RFBPAH,232.5,L:V5QSET,-30.7
1,L:RFQPAH,168,L:RFBPAH,232.5,L:V5QSET,-30.7
1,L:RFQPAH,158,L:RFBPAH,233.5,L:V5QSET,-30.7
1,L:RFQPAH,160,L:RFBPAH,233.5,L:V5QSET,-30.7
1,L:RFQPAH,162,L:RFBPAH,233.5,L:V5QSET,-30.7
1,L:RFQPAH,164,L:RFBPAH,233.5,L:V5QSET,-30.7
1,L:RFQPAH,166,L:RFBPAH,233.5,L:V5QSET,-30.7
1,L:RFQPAH,168,L:RFBPAH,233.5,L:V5QSET,-30.7
1,L:RFQPAH,158,L:RFBPAH,234.5,L:V5QSET,-30.7
1,L:RFQPAH,160,L:RFBPAH,234.5,L:V5QSET,-30.7
1,L:RFQPAH,162,L:RFBPAH,234.5,L:V5QSET,-30.7
1,L:RFQPAH,164,L:RFBPAH,234.5,L:V5QSET,-30.7
1,L:RFQPAH,166,L:RFBPAH,234.5,L:V5QSET,-30.7
1,L:RFQPAH,168,L:RFBPAH,234.5,L:V5QSET,-30.7
1,L:RFQPAH,158,L:RFBPAH,235.5,L:V5QSET,-30.7
1,L:RFQPAH,160,L:RFBPAH,235.5,L:V5QSET,-30.7
1,L:RFQPAH,162,L:RFBPAH,235.5,L:V5QSET,-30.7
1,L:RFQPAH,164,L:RFBPAH,235.5,L:V5QSET,-30.7
1,L:RFQPAH,166,L:RFBPAH,235.5,L:V5QSET,-30.7
1,L:RFQPAH,168,L:RFBPAH,235.5,L:V5QSET,-30.7
1,L:RFQPAH,158,L:RFBPAH,229.5,L:V5QSET,-30.5
1,L:RFQPAH,160,L:RFBPAH,229.5,L:V5QSET,-30.5
1,L:RFQPAH,162,L:RFBPAH,229.5,L:V5QSET,-30.5
1,L:RFQPAH,164,L:RFBPAH,229.5,L:V5QSET,-30.5
1,L:RFQPAH,166,L:RFBPAH,229.5,L:V5QSET,-30.5
1,L:RFQPAH,168,L:RFBPAH,229.5,L:V5QSET,-30.5
1,L:RFQPAH,158,L:RFBPAH,230.5,L:V5QSET,-30.5
1,L:RFQPAH,160,L:RFBPAH,230.5,L:V5QSET,-30.5
1,L:RFQPAH,162,L:RFBPAH,230.5,L:V5QSET,-30.5
1,L:RFQPAH,164,L:RFBPAH,230.5,L:V5QSET,-30.5
1,L:RFQPAH,166,L:RFBPAH,230.5,L:V5QSET,-30.5
1,L:RFQPAH,168,L:RFBPAH,230.5,L:V5QSET,-30.5
1,L:RFQPAH,158,L:RFBPAH,231.5,L:V5QSET,-30.5
1,L:RFQPAH,160,L:RFBPAH,231.5,L:V5QSET,-30.5
1,L:RFQPAH,162,L:RFBPAH,231.5,L:V5QSET,-30.5
1,L:RFQPAH,164,L:RFBPAH,231.5,L:V5QSET,-30.5
1,L:RFQPAH,166,L:RFBPAH,231.5,L:V5QSET,-30.5
1,L:RFQPAH,168,L:RFBPAH,231.5,L:V5QSET,-30.5
1,L:RFQPAH,158,L:RFBPAH,232.5,L:V5QSET,-30.5
1,L:RFQPAH,160,L:RFBPAH,232.5,L:V5QSET,-30.5
1,L:RFQPAH,162,L:RFBPAH,232.5,L:V5QSET,-30.5
1,L:RFQPAH,164,L:RFBPAH,232.5,L:V5QSET,-30.5
1,L:RFQPAH,166,L:RFBPAH,232.5,L:V5QSET,-30.5
1,L:RFQPAH,168,L:RFBPAH,232.5,L:V5QSET,-30.5
1,L:RFQPAH,158,L:RFBPAH,233.5,L:V5QSET,-30.5
1,L:RFQPAH,160,L:RFBPAH,233.5,L:V5QSET,-30.5
1,L:RFQPAH,162,L:RFBPAH,233.5,L:V5QSET,-30.5
1,L:RFQPAH,164,L:RFBPAH,233.5,L:V5QSET,-30.5
1,L:RFQPAH,166,L:RFBPAH,233.5,L:V5QSET,-30.5
1,L:RFQPAH,168,L:RFBPAH,233.5,L:V5QSET,-30.5
1,L:RFQPAH,158,L:RFBPAH,234.5,L:V5QSET,-30.5
1,L:RFQPAH,160,L:RFBPAH,234.5,L:V5QSET,-30.5
1,L:RFQPAH,162,L:RFBPAH,234.5,L:V5QSET,-30.5
1,L:RFQPAH,164,L:RFBPAH,234.5,L:V5QSET,-30.5
1,L:RFQPAH,166,L:RFBPAH,234.5,L:V5QSET,-30.5
1,L:RFQPAH,168,L:RFBPAH,234.5,L:V5QSET,-30.5
1,L:RFQPAH,158,L:RFBPAH,235.5,L:V5QSET,-30.5
1,L:RFQPAH,160,L:RFBPAH,235.5,L:V5QSET,-30.5
1,L:RFQPAH,162,L:RFBPAH,235.5,L:V5QSET,-30.5
1,L:RFQPAH,164,L:RFBPAH,235.5,L:V5QSET,-30.5
1,L:RFQPAH,166,L:RFBPAH,235.5,L:V5QSET,-30.5
1,L:RFQPAH,168,L:RFBPAH,235.5,L:V5QSET,-30.5
1,L:RFQPAH,158,L:RFBPAH,229.5,L:V5QSET,-30.3
1,L:RFQPAH,160,L:RFBPAH,229.5,L:V5QSET,-30.3
1,L:RFQPAH,162,L:RFBPAH,229.5,L:V5QSET,-30.3
1,L:RFQPAH,164,L:RFBPAH,229.5,L:V5QSET,-30.3
1,L:RFQPAH,166,L:RFBPAH,229.5,L:V5QSET,-30.3
1,L:RFQPAH,168,L:RFBPAH,229.5,L:V5QSET,-30.3
1,L:RFQPAH,158,L:RFBPAH,230.5,L:V5QSET,-30.3
1,L:RFQPAH,160,L:RFBPAH,230.5,L:V5QSET,-30.3
1,L:RFQPAH,162,L:RFBPAH,230.5,L:V5QSET,-30.3
1,L:RFQPAH,164,L:RFBPAH,230.5,L:V5QSET,-30.3
1,L:RFQPAH,166,L:RFBPAH,230.5,L:V5QSET,-30.3
1,L:RFQPAH,168,L:RFBPAH,230.5,L:V5QSET,-30.3
1,L:RFQPAH,158,L:RFBPAH,231.5,L:V5QSET,-30.3
1,L:RFQPAH,160,L:RFBPAH,231.5,L:V5QSET,-30.3
1,L:RFQPAH,162,L:RFBPAH,231.5,L:V5QSET,-30.3
1,L:RFQPAH,164,L:RFBPAH,231.5,L:V5QSET,-30.3
1,L:RFQPAH,166,L:RFBPAH,231.5,L:V5QSET,-30.3
1,L:RFQPAH,168,L:RFBPAH,231.5,L:V5QSET,-30.3
1,L:RFQPAH,158,L:RFBPAH,232.5,L:V5QSET,-30.3
1,L:RFQPAH,160,L:RFBPAH,232.5,L:V5QSET,-30.3
1,L:RFQPAH,162,L:RFBPAH,232.5,L:V5QSET,-30.3
1,L:RFQPAH,164,L:RFBPAH,232.5,L:V5QSET,-30.3
1,L:RFQPAH,166,L:RFBPAH,232.5,L:V5QSET,-30.3
1,L:RFQPAH,168,L:RFBPAH,232.5,L:V5QSET,-30.3
1,L:RFQPAH,158,L:RFBPAH,233.5,L:V5QSET,-30.3
1,L:RFQPAH,160,L:RFBPAH,233.5,L:V5QSET,-30.3
1,L:RFQPAH,162,L:RFBPAH,233.5,L:V5QSET,-30.3
1,L:RFQPAH,164,L:RFBPAH,233.5,L:V5QSET,-30.3
1,L:RFQPAH,166,L:RFBPAH,233.5,L:V5QSET,-30.3
1,L:RFQPAH,168,L:RFBPAH,233.5,L:V5QSET,-30.3
1,L:RFQPAH,158,L:RFBPAH,234.5,L:V5QSET,-30.3
1,L:RFQPAH,160,L:RFBPAH,234.5,L:V5QSET,-30.3
1,L:RFQPAH,162,L:RFBPAH,234.5,L:V5QSET,-30.3
1,L:RFQPAH,164,L:RFBPAH,234.5,L:V5QSET,-30.3
1,L:RFQPAH,166,L:RFBPAH,234.5,L:V5QSET,-30.3
1,L:RFQPAH,168,L:RFBPAH,234.5,L:V5QSET,-30.3
1,L:RFQPAH,158,L:RFBPAH,235.5,L:V5QSET,-30.3
1,L:RFQPAH,160,L:RFBPAH,235.5,L:V5QSET,-30.3
1,L:RFQPAH,162,L:RFBPAH,235.5,L:V5QSET,-30.3
1,L:RFQPAH,164,L:RFBPAH,235.5,L:V5QSET,-30.3
1,L:RFQPAH,166,L:RFBPAH,235.5,L:V5QSET,-30.3
1,L:RFQPAH,168,L:RFBPAH,235.5,L:V5QSET,-30.3
1,L:RFQPAH,158,L:RFBPAH,229.5,L:V5QSET,-30.1
1,L:RFQPAH,160,L:RFBPAH,229.5,L:V5QSET,-30.1
1,L:RFQPAH,162,L:RFBPAH,229.5,L:V5QSET,-30.1
1,L:RFQPAH,164,L:RFBPAH,229.5,L:V5QSET,-30.1
1,L:RFQPAH,166,L:RFBPAH,229.5,L:V5QSET,-30.1
1,L:RFQPAH,168,L:RFBPAH,229.5,L:V5QSET,-30.1
1,L:RFQPAH,158,L:RFBPAH,230.5,L:V5QSET,-30.1
1,L:RFQPAH,160,L:RFBPAH,230.5,L:V5QSET,-30.1
1,L:RFQPAH,162,L:RFBPAH,230.5,L:V5QSET,-30.1
1,L:RFQPAH,164,L:RFBPAH,230.5,L:V5QSET,-30.1
1,L:RFQPAH,166,L:RFBPAH,230.5,L:V5QSET,-30.1
1,L:RFQPAH,168,L:RFBPAH,230.5,L:V5QSET,-30.1
1,L:RFQPAH,158,L:RFBPAH,231.5,L:V5QSET,-30.1
1,L:RFQPAH,160,L:RFBPAH,231.5,L:V5QSET,-30.1
1,L:RFQPAH,162,L:RFBPAH,231.5,L:V5QSET,-30.1
1,L:RFQPAH,164,L:RFBPAH,231.5,L:V5QSET,-30.1
1,L:RFQPAH,166,L:RFBPAH,231.5,L:V5QSET,-30.1
1,L:RFQPAH,168,L:RFBPAH,231.5,L:V5QSET,-30.1
1,L:RFQPAH,158,L:RFBPAH,232.5,L:V5QSET,-30.1
1,L:RFQPAH,160,L:RFBPAH,232.5,L:V5QSET,-30.1
1,L:RFQPAH,162,L:RFBPAH,232.5,L:V5QSET,-30.1
1,L:RFQPAH,164,L:RFBPAH,232.5,L:V5QSET,-30.1
1,L:RFQPAH,166,L:RFBPAH,232.5,L:V5QSET,-30.1
1,L:RFQPAH,168,L:RFBPAH,232.5,L:V5QSET,-30.1
1,L:RFQPAH,158,L:RFBPAH,233.5,L:V5QSET,-30.1
1,L:RFQPAH,160,L:RFBPAH,233.5,L:V5QSET,-30.1
1,L:RFQPAH,162,L:RFBPAH,233.5,L:V5QSET,-30.1
1,L:RFQPAH,164,L:RFBPAH,233.5,L:V5QSET,-30.1
1,L:RFQPAH,166,L:RFBPAH,233.5,L:V5QSET,-30.1
1,L:RFQPAH,168,L:RFBPAH,233.5,L:V5QSET,-30.1
1,L:RFQPAH,158,L:RFBPAH,234.5,L:V5QSET,-30.1
1,L:RFQPAH,160,L:RFBPAH,234.5,L:V5QSET,-30.1
1,L:RFQPAH,162,L:RFBPAH,234.5,L:V5QSET,-30.1
1,L:RFQPAH,164,L:RFBPAH,234.5,L:V5QSET,-30.1
1,L:RFQPAH,166,L:RFBPAH,234.5,L:V5QSET,-30.1
1,L:RFQPAH,168,L:RFBPAH,234.5,L:V5QSET,-30.1
1,L:RFQPAH,158,L:RFBPAH,235.5,L:V5QSET,-30.1
1,L:RFQPAH,160,L:RFBPAH,235.5,L:V5QSET,-30.1
1,L:RFQPAH,162,L:RFBPAH,235.5,L:V5QSET,-30.1
1,L:RFQPAH,164,L:RFBPAH,235.5,L:V5QSET,-30.1
1,L:RFQPAH,166,L:RFBPAH,235.5,L:V5QSET,-30.1
1,L:RFQPAH,168,L:RFBPAH,235.5,L:V5QSET,-30.1
1,L:RFQPAH,158,L:RFBPAH,229.5,L:V5QSET,-29.9
1,L:RFQPAH,160,L:RFBPAH,229.5,L:V5QSET,-29.9
1,L:RFQPAH,162,L:RFBPAH,229.5,L:V5QSET,-29.9
1,L:RFQPAH,164,L:RFBPAH,229.5,L:V5QSET,-29.9
1,L:RFQPAH,166,L:RFBPAH,229.5,L:V5QSET,-29.9
1,L:RFQPAH,168,L:RFBPAH,229.5,L:V5QSET,-29.9
1,L:RFQPAH,158,L:RFBPAH,230.5,L:V5QSET,-29.9
1,L:RFQPAH,160,L:RFBPAH,230.5,L:V5QSET,-29.9
1,L:RFQPAH,162,L:RFBPAH,230.5,L:V5QSET,-29.9
1,L:RFQPAH,164,L:RFBPAH,230.5,L:V5QSET,-29.9
1,L:RFQPAH,166,L:RFBPAH,230.5,L:V5QSET,-29.9
1,L:RFQPAH,168,L:RFBPAH,230.5,L:V5QSET,-29.9
1,L:RFQPAH,158,L:RFBPAH,231.5,L:V5QSET,-29.9
1,L:RFQPAH,160,L:RFBPAH,231.5,L:V5QSET,-29.9
1,L:RFQPAH,162,L:RFBPAH,231.5,L:V5QSET,-29.9
1,L:RFQPAH,164,L:RFBPAH,231.5,L:V5QSET,-29.9
1,L:RFQPAH,166,L:RFBPAH,231.5,L:V5QSET,-29.9
1,L:RFQPAH,168,L:RFBPAH,231.5,L:V5QSET,-29.9
1,L:RFQPAH,158,L:RFBPAH,232.5,L:V5QSET,-29.9
1,L:RFQPAH,160,L:RFBPAH,232.5,L:V5QSET,-29.9
1,L:RFQPAH,162,L:RFBPAH,232.5,L:V5QSET,-29.9
1,L:RFQPAH,164,L:RFBPAH,232.5,L:V5QSET,-29.9
1,L:RFQPAH,166,L:RFBPAH,232.5,L:V5QSET,-29.9
1,L:RFQPAH,168,L:RFBPAH,232.5,L:V5QSET,-29.9
1,L:RFQPAH,158,L:RFBPAH,233.5,L:V5QSET,-29.9
1,L:RFQPAH,160,L:RFBPAH,233.5,L:V5QSET,-29.9
1,L:RFQPAH,162,L:RFBPAH,233.5,L:V5QSET,-29.9
1,L:RFQPAH,164,L:RFBPAH,233.5,L:V5QSET,-29.9
1,L:RFQPAH,166,L:RFBPAH,233.5,L:V5QSET,-29.9
1,L:RFQPAH,168,L:RFBPAH,233.5,L:V5QSET,-29.9
1,L:RFQPAH,158,L:RFBPAH,234.5,L:V5QSET,-29.9
1,L:RFQPAH,160,L:RFBPAH,234.5,L:V5QSET,-29.9
1,L:RFQPAH,162,L:RFBPAH,234.5,L:V5QSET,-29.9
1,L:RFQPAH,164,L:RFBPAH,234.5,L:V5QSET,-29.9
1,L:RFQPAH,166,L:RFBPAH,234.5,L:V5QSET,-29.9
1,L:RFQPAH,168,L:RFBPAH,234.5,L:V5QSET,-29.9
1,L:RFQPAH,158,L:RFBPAH,235.5,L:V5QSET,-29.9
1,L:RFQPAH,160,L:RFBPAH,235.5,L:V5QSET,-29.9
1,L:RFQPAH,162,L:RFBPAH,235.5,L:V5QSET,-29.9
1,L:RFQPAH,164,L:RFBPAH,235.5,L:V5QSET,-29.9
1,L:RFQPAH,166,L:RFBPAH,235.5,L:V5QSET,-29.9
1,L:RFQPAH,168,L:RFBPAH,235.5,L:V5QSET,-29.9
1,L:RFQPAH,158,L:RFBPAH,229.5,L:V5QSET,-29.7
1,L:RFQPAH,160,L:RFBPAH,229.5,L:V5QSET,-29.7
1,L:RFQPAH,162,L:RFBPAH,229.5,L:V5QSET,-29.7
1,L:RFQPAH,164,L:RFBPAH,229.5,L:V5QSET,-29.7
1,L:RFQPAH,166,L:RFBPAH,229.5,L:V5QSET,-29.7
1,L:RFQPAH,168,L:RFBPAH,229.5,L:V5QSET,-29.7
1,L:RFQPAH,158,L:RFBPAH,230.5,L:V5QSET,-29.7
1,L:RFQPAH,160,L:RFBPAH,230.5,L:V5QSET,-29.7
1,L:RFQPAH,162,L:RFBPAH,230.5,L:V5QSET,-29.7
1,L:RFQPAH,164,L:RFBPAH,230.5,L:V5QSET,-29.7
1,L:RFQPAH,166,L:RFBPAH,230.5,L:V5QSET,-29.7
1,L:RFQPAH,168,L:RFBPAH,230.5,L:V5QSET,-29.7
1,L:RFQPAH,158,L:RFBPAH,231.5,L:V5QSET,-29.7
1,L:RFQPAH,160,L:RFBPAH,231.5,L:V5QSET,-29.7
1,L:RFQPAH,162,L:RFBPAH,231.5,L:V5QSET,-29.7
1,L:RFQPAH,164,L:RFBPAH,231.5,L:V5QSET,-29.7
1,L:RFQPAH,166,L:RFBPAH,231.5,L:V5QSET,-29.7
1,L:RFQPAH,168,L:RFBPAH,231.5,L:V5QSET,-29.7
1,L:RFQPAH,158,L:RFBPAH,232.5,L:V5QSET,-29.7
1,L:RFQPAH,160,L:RFBPAH,232.5,L:V5QSET,-29.7
1,L:RFQPAH,162,L:RFBPAH,232.5,L:V5QSET,-29.7
1,L:RFQPAH,164,L:RFBPAH,232.5,L:V5QSET,-29.7
1,L:RFQPAH,166,L:RFBPAH,232.5,L:V5QSET,-29.7
1,L:RFQPAH,168,L:RFBPAH,232.5,L:V5QSET,-29.7
1,L:RFQPAH,158,L:RFBPAH,233.5,L:V5QSET,-29.7
1,L:RFQPAH,160,L:RFBPAH,233.5,L:V5QSET,-29.7
1,L:RFQPAH,162,L:RFBPAH,233.5,L:V5QSET,-29.7
1,L:RFQPAH,164,L:RFBPAH,233.5,L:V5QSET,-29.7
1,L:RFQPAH,166,L:RFBPAH,233.5,L:V5QSET,-29.7
1,L:RFQPAH,168,L:RFBPAH,233.5,L:V5QSET,-29.7
1,L:RFQPAH,158,L:RFBPAH,234.5,L:V5QSET,-29.7
1,L:RFQPAH,160,L:RFBPAH,234.5,L:V5QSET,-29.7
1,L:RFQPAH,162,L:RFBPAH,234.5,L:V5QSET,-29.7
1,L:RFQPAH,164,L:RFBPAH,234.5,L:V5QSET,-29.7
1,L:RFQPAH,166,L:RFBPAH,234.5,L:V5QSET,-29.7
1,L:RFQPAH,168,L:RFBPAH,234.5,L:V5QSET,-29.7
1,L:RFQPAH,158,L:RFBPAH,235.5,L:V5QSET,-29.7
1,L:RFQPAH,160,L:RFBPAH,235.5,L:V5QSET,-29.7
1,L:RFQPAH,162,L:RFBPAH,235.5,L:V5QSET,-29.7
1,L:RFQPAH,164,L:RFBPAH,235.5,L:V5QSET,-29.7
1,L:RFQPAH,166,L:RFBPAH,235.5,L:V5QSET,-29.7
1,L:RFQPAH,168,L:RFBPAH,235.5,L:V5QSET,-29.7
1,L:RFQPAH,158,L:RFBPAH,229.5,L:V5QSET,-29.5
1,L:RFQPAH,160,L:RFBPAH,229.5,L:V5QSET,-29.5
1,L:RFQPAH,162,L:RFBPAH,229.5,L:V5QSET,-29.5
1,L:RFQPAH,164,L:RFBPAH,229.5,L:V5QSET,-29.5
1,L:RFQPAH,166,L:RFBPAH,229.5,L:V5QSET,-29.5
1,L:RFQPAH,168,L:RFBPAH,229.5,L:V5QSET,-29.5
1,L:RFQPAH,158,L:RFBPAH,230.5,L:V5QSET,-29.5
1,L:RFQPAH,160,L:RFBPAH,230.5,L:V5QSET,-29.5
1,L:RFQPAH,162,L:RFBPAH,230.5,L:V5QSET,-29.5
1,L:RFQPAH,164,L:RFBPAH,230.5,L:V5QSET,-29.5
1,L:RFQPAH,166,L:RFBPAH,230.5,L:V5QSET,-29.5
1,L:RFQPAH,168,L:RFBPAH,230.5,L:V5QSET,-29.5
1,L:RFQPAH,158,L:RFBPAH,231.5,L:V5QSET,-29.5
1,L:RFQPAH,160,L:RFBPAH,231.5,L:V5QSET,-29.5
1,L:RFQPAH,162,L:RFBPAH,231.5,L:V5QSET,-29.5
1,L:RFQPAH,164,L:RFBPAH,231.5,L:V5QSET,-29.5
1,L:RFQPAH,166,L:RFBPAH,231.5,L:V5QSET,-29.5
1,L:RFQPAH,168,L:RFBPAH,231.5,L:V5QSET,-29.5
1,L:RFQPAH,158,L:RFBPAH,232.5,L:V5QSET,-29.5
1,L:RFQPAH,160,L:RFBPAH,232.5,L:V5QSET,-29.5
1,L:RFQPAH,162,L:RFBPAH,232.5,L:V5QSET,-29.5
1,L:RFQPAH,164,L:RFBPAH,232.5,L:V5QSET,-29.5
1,L:RFQPAH,166,L:RFBPAH,232.5,L:V5QSET,-29.5
1,L:RFQPAH,168,L:RFBPAH,232.5,L:V5QSET,-29.5
1,L:RFQPAH,158,L:RFBPAH,233.5,L:V5QSET,-29.5
1,L:RFQPAH,160,L:RFBPAH,233.5,L:V5QSET,-29.5
1,L:RFQPAH,162,L:RFBPAH,233.5,L:V5QSET,-29.5
1,L:RFQPAH,164,L:RFBPAH,233.5,L:V5QSET,-29.5
1,L:RFQPAH,166,L:RFBPAH,233.5,L:V5QSET,-29.5
1,L:RFQPAH,168,L:RFBPAH,233.5,L:V5QSET,-29.5
1,L:RFQPAH,158,L:RFBPAH,234.5,L:V5QSET,-29.5
1,L:RFQPAH,160,L:RFBPAH,234.5,L:V5QSET,-29.5
1,L:RFQPAH,162,L:RFBPAH,234.5,L:V5QSET,-29.5
1,L:RFQPAH,164,L:RFBPAH,234.5,L:V5QSET,-29.5
1,L:RFQPAH,166,L:RFBPAH,234.5,L:V5QSET,-29.5
1,L:RFQPAH,168,L:RFBPAH,234.5,L:V5QSET,-29.5
1,L:RFQPAH,158,L:RFBPAH,235.5,L:V5QSET,-29.5
1,L:RFQPAH,160,L:RFBPAH,235.5,L:V5QSET,-29.5
1,L:RFQPAH,162,L:RFBPAH,235.5,L:V5QSET,-29.5
1,L:RFQPAH,164,L:RFBPAH,235.5,L:V5QSET,-29.5
1,L:RFQPAH,166,L:RFBPAH,235.5,L:V5QSET,-29.5
1,L:RFQPAH,168,L:RFBPAH,235.5,L:V5QSET,-29.5
1,L:RFQPAH,158,L:RFBPAH,229.5,L:V5QSET,-29.3
1,L:RFQPAH,160,L:RFBPAH,229.5,L:V5QSET,-29.3
1,L:RFQPAH,162,L:RFBPAH,229.5,L:V5QSET,-29.3
1,L:RFQPAH,164,L:RFBPAH,229.5,L:V5QSET,-29.3
1,L:RFQPAH,166,L:RFBPAH,229.5,L:V5QSET,-29.3
1,L:RFQPAH,168,L:RFBPAH,229.5,L:V5QSET,-29.3
1,L:RFQPAH,158,L:RFBPAH,230.5,L:V5QSET,-29.3
1,L:RFQPAH,160,L:RFBPAH,230.5,L:V5QSET,-29.3
1,L:RFQPAH,162,L:RFBPAH,230.5,L:V5QSET,-29.3
1,L:RFQPAH,164,L:RFBPAH,230.5,L:V5QSET,-29.3
1,L:RFQPAH,166,L:RFBPAH,230.5,L:V5QSET,-29.3
1,L:RFQPAH,168,L:RFBPAH,230.5,L:V5QSET,-29.3
1,L:RFQPAH,158,L:RFBPAH,231.5,L:V5QSET,-29.3
1,L:RFQPAH,160,L:RFBPAH,231.5,L:V5QSET,-29.3
1,L:RFQPAH,162,L:RFBPAH,231.5,L:V5QSET,-29.3
1,L:RFQPAH,164,L:RFBPAH,231.5,L:V5QSET,-29.3
1,L:RFQPAH,166,L:RFBPAH,231.5,L:V5QSET,-29.3
1,L:RFQPAH,168,L:RFBPAH,231.5,L:V5QSET,-29.3
1,L:RFQPAH,158,L:RFBPAH,232.5,L:V5QSET,-29.3
1,L:RFQPAH,160,L:RFBPAH,232.5,L:V5QSET,-29.3
1,L:RFQPAH,162,L:RFBPAH,232.5,L:V5QSET,-29.3
1,L:RFQPAH,164,L:RFBPAH,232.5,L:V5QSET,-29.3
1,L:RFQPAH,166,L:RFBPAH,232.5,L:V5QSET,-29.3
1,L:RFQPAH,168,L:RFBPAH,232.5,L:V5QSET,-29.3
1,L:RFQPAH,158,L:RFBPAH,233.5,L:V5QSET,-29.3
1,L:RFQPAH,160,L:RFBPAH,233.5,L:V5QSET,-29.3
1,L:RFQPAH,162,L:RFBPAH,233.5,L:V5QSET,-29.3
1,L:RFQPAH,164,L:RFBPAH,233.5,L:V5QSET,-29.3
1,L:RFQPAH,166,L:RFBPAH,233.5,L:V5QSET,-29.3
1,L:RFQPAH,168,L:RFBPAH,233.5,L:V5QSET,-29.3
1,L:RFQPAH,158,L:RFBPAH,234.5,L:V5QSET,-29.3
1,L:RFQPAH,160,L:RFBPAH,234.5,L:V5QSET,-29.3
1,L:RFQPAH,162,L:RFBPAH,234.5,L:V5QSET,-29.3
1,L:RFQPAH,164,L:RFBPAH,234.5,L:V5QSET,-29.3
1,L:RFQPAH,166,L:RFBPAH,234.5,L:V5QSET,-29.3
1,L:RFQPAH,168,L:RFBPAH,234.5,L:V5QSET,-29.3
1,L:RFQPAH,158,L:RFBPAH,235.5,L:V5QSET,-29.3
1,L:RFQPAH,160,L:RFBPAH,235.5,L:V5QSET,-29.3
1,L:RFQPAH,162,L:RFBPAH,235.5,L:V5QSET,-29.3
1,L:RFQPAH,164,L:RFBPAH,235.5,L:V5QSET,-29.3
1,L:RFQPAH,166,L:RFBPAH,235.5,L:V5QSET,-29.3
1,L:RFQPAH,168,L:RFBPAH,235.5,L:V5QSET,-29.3
1,L:RFQPAH,158,L:RFBPAH,229.5,L:V5QSET,-29.1
1,L:RFQPAH,160,L:RFBPAH,229.5,L:V5QSET,-29.1
1,L:RFQPAH,162,L:RFBPAH,229.5,L:V5QSET,-29.1
1,L:RFQPAH,164,L:RFBPAH,229.5,L:V5QSET,-29.1
1,L:RFQPAH,166,L:RFBPAH,229.5,L:V5QSET,-29.1
1,L:RFQPAH,168,L:RFBPAH,229.5,L:V5QSET,-29.1
1,L:RFQPAH,158,L:RFBPAH,230.5,L:V5QSET,-29.1
1,L:RFQPAH,160,L:RFBPAH,230.5,L:V5QSET,-29.1
1,L:RFQPAH,162,L:RFBPAH,230.5,L:V5QSET,-29.1
1,L:RFQPAH,164,L:RFBPAH,230.5,L:V5QSET,-29.1
1,L:RFQPAH,166,L:RFBPAH,230.5,L:V5QSET,-29.1
1,L:RFQPAH,168,L:RFBPAH,230.5,L:V5QSET,-29.1
1,L:RFQPAH,158,L:RFBPAH,231.5,L:V5QSET,-29.1
1,L:RFQPAH,160,L:RFBPAH,231.5,L:V5QSET,-29.1
1,L:RFQPAH,162,L:RFBPAH,231.5,L:V5QSET,-29.1
1,L:RFQPAH,164,L:RFBPAH,231.5,L:V5QSET,-29.1
1,L:RFQPAH,166,L:RFBPAH,231.5,L:V5QSET,-29.1
1,L:RFQPAH,168,L:RFBPAH,231.5,L:V5QSET,-29.1
1,L:RFQPAH,158,L:RFBPAH,232.5,L:V5QSET,-29.1
1,L:RFQPAH,160,L:RFBPAH,232.5,L:V5QSET,-29.1
1,L:RFQPAH,162,L:RFBPAH,232.5,L:V5QSET,-29.1
1,L:RFQPAH,164,L:RFBPAH,232.5,L:V5QSET,-29.1
1,L:RFQPAH,166,L:RFBPAH,232.5,L:V5QSET,-29.1
1,L:RFQPAH,168,L:RFBPAH,232.5,L:V5QSET,-29.1
1,L:RFQPAH,158,L:RFBPAH,233.5,L:V5QSET,-29.1
1,L:RFQPAH,160,L:RFBPAH,233.5,L:V5QSET,-29.1
1,L:RFQPAH,162,L:RFBPAH,233.5,L:V5QSET,-29.1
1,L:RFQPAH,164,L:RFBPAH,233.5,L:V5QSET,-29.1
1,L:RFQPAH,166,L:RFBPAH,233.5,L:V5QSET,-29.1
1,L:RFQPAH,168,L:RFBPAH,233.5,L:V5QSET,-29.1
1,L:RFQPAH,158,L:RFBPAH,234.5,L:V5QSET,-29.1
1,L:RFQPAH,160,L:RFBPAH,234.5,L:V5QSET,-29.1
1,L:RFQPAH,162,L:RFBPAH,234.5,L:V5QSET,-29.1
1,L:RFQPAH,164,L:RFBPAH,234.5,L:V5QSET,-29.1
1,L:RFQPAH,166,L:RFBPAH,234.5,L:V5QSET,-29.1
1,L:RFQPAH,168,L:RFBPAH,234.5,L:V5QSET,-29.1
1,L:RFQPAH,158,L:RFBPAH,235.5,L:V5QSET,-29.1
1,L:RFQPAH,160,L:RFBPAH,235.5,L:V5QSET,-29.1
1,L:RFQPAH,162,L:RFBPAH,235.5,L:V5QSET,-29.1
1,L:RFQPAH,164,L:RFBPAH,235.5,L:V5QSET,-29.1
1,L:RFQPAH,166,L:RFBPAH,235.5,L:V5QSET,-29.1
1,L:RFQPAH,168,L:RFBPAH,235.5,L:V5QSET,-29.1
1,L:RFQPAH,158,L:RFBPAH,229.5,L:V5QSET,-28.9
1,L:RFQPAH,160,L:RFBPAH,229.5,L:V5QSET,-28.9
1,L:RFQPAH,162,L:RFBPAH,229.5,L:V5QSET,-28.9
1,L:RFQPAH,164,L:RFBPAH,229.5,L:V5QSET,-28.9
1,L:RFQPAH,166,L:RFBPAH,229.5,L:V5QSET,-28.9
1,L:RFQPAH,168,L:RFBPAH,229.5,L:V5QSET,-28.9
1,L:RFQPAH,158,L:RFBPAH,230.5,L:V5QSET,-28.9
1,L:RFQPAH,160,L:RFBPAH,230.5,L:V5QSET,-28.9
1,L:RFQPAH,162,L:RFBPAH,230.5,L:V5QSET,-28.9
1,L:RFQPAH,164,L:RFBPAH,230.5,L:V5QSET,-28.9
1,L:RFQPAH,166,L:RFBPAH,230.5,L:V5QSET,-28.9
1,L:RFQPAH,168,L:RFBPAH,230.5,L:V5QSET,-28.9
1,L:RFQPAH,158,L:RFBPAH,231.5,L:V5QSET,-28.9
1,L:RFQPAH,160,L:RFBPAH,231.5,L:V5QSET,-28.9
1,L:RFQPAH,162,L:RFBPAH,231.5,L:V5QSET,-28.9
1,L:RFQPAH,164,L:RFBPAH,231.5,L:V5QSET,-28.9
1,L:RFQPAH,166,L:RFBPAH,231.5,L:V5QSET,-28.9
1,L:RFQPAH,168,L:RFBPAH,231.5,L:V5QSET,-28.9
1,L:RFQPAH,158,L:RFBPAH,232.5,L:V5QSET,-28.9
1,L:RFQPAH,160,L:RFBPAH,232.5,L:V5QSET,-28.9
1,L:RFQPAH,162,L:RFBPAH,232.5,L:V5QSET,-28.9
1,L:RFQPAH,164,L:RFBPAH,232.5,L:V5QSET,-28.9
1,L:RFQPAH,166,L:RFBPAH,232.5,L:V5QSET,-28.9
1,L:RFQPAH,168,L:RFBPAH,232.5,L:V5QSET,-28.9
1,L:RFQPAH,158,L:RFBPAH,233.5,L:V5QSET,-28.9
1,L:RFQPAH,160,L:RFBPAH,233.5,L:V5QSET,-28.9
1,L:RFQPAH,162,L:RFBPAH,233.5,L:V5QSET,-28.9
1,L:RFQPAH,164,L:RFBPAH,233.5,L:V5QSET,-28.9
1,L:RFQPAH,166,L:RFBPAH,233.5,L:V5QSET,-28.9
1,L:RFQPAH,168,L:RFBPAH,233.5,L:V5QSET,-28.9
1,L:RFQPAH,158,L:RFBPAH,234.5,L:V5QSET,-28.9
1,L:RFQPAH,160,L:RFBPAH,234.5,L:V5QSET,-28.9
1,L:RFQPAH,162,L:RFBPAH,234.5,L:V5QSET,-28.9
1,L:RFQPAH,164,L:RFBPAH,234.5,L:V5QSET,-28.9
1,L:RFQPAH,166,L:RFBPAH,234.5,L:V5QSET,-28.9
1,L:RFQPAH,168,L:RFBPAH,234.5,L:V5QSET,-28.9
1,L:RFQPAH,158,L:RFBPAH,235.5,L:V5QSET,-28.9
1,L:RFQPAH,160,L:RFBPAH,235.5,L:V5QSET,-28.9
1,L:RFQPAH,162,L:RFBPAH,235.5,L:V5QSET,-28.9
1,L:RFQPAH,164,L:RFBPAH,235.5,L:V5QSET,-28.9
1,L:RFQPAH,166,L:RFBPAH,235.5,L:V5QSET,-28.9
1,L:RFQPAH,168,L:RFBPAH,235.5,L:V5QSET,-28.9
1,L:RFQPAH,158,L:RFBPAH,229.5,L:V5QSET,-28.7
1,L:RFQPAH,160,L:RFBPAH,229.5,L:V5QSET,-28.7
1,L:RFQPAH,162,L:RFBPAH,229.5,L:V5QSET,-28.7
1,L:RFQPAH,164,L:RFBPAH,229.5,L:V5QSET,-28.7
1,L:RFQPAH,166,L:RFBPAH,229.5,L:V5QSET,-28.7
1,L:RFQPAH,168,L:RFBPAH,229.5,L:V5QSET,-28.7
1,L:RFQPAH,158,L:RFBPAH,230.5,L:V5QSET,-28.7
1,L:RFQPAH,160,L:RFBPAH,230.5,L:V5QSET,-28.7
1,L:RFQPAH,162,L:RFBPAH,230.5,L:V5QSET,-28.7
1,L:RFQPAH,164,L:RFBPAH,230.5,L:V5QSET,-28.7
1,L:RFQPAH,166,L:RFBPAH,230.5,L:V5QSET,-28.7
1,L:RFQPAH,168,L:RFBPAH,230.5,L:V5QSET,-28.7
1,L:RFQPAH,158,L:RFBPAH,231.5,L:V5QSET,-28.7
1,L:RFQPAH,160,L:RFBPAH,231.5,L:V5QSET,-28.7
1,L:RFQPAH,162,L:RFBPAH,231.5,L:V5QSET,-28.7
1,L:RFQPAH,164,L:RFBPAH,231.5,L:V5QSET,-28.7
1,L:RFQPAH,166,L:RFBPAH,231.5,L:V5QSET,-28.7
1,L:RFQPAH,168,L:RFBPAH,231.5,L:V5QSET,-28.7
1,L:RFQPAH,158,L:RFBPAH,232.5,L:V5QSET,-28.7
1,L:RFQPAH,160,L:RFBPAH,232.5,L:V5QSET,-28.7
1,L:RFQPAH,162,L:RFBPAH,232.5,L:V5QSET,-28.7
1,L:RFQPAH,164,L:RFBPAH,232.5,L:V5QSET,-28.7
1,L:RFQPAH,166,L:RFBPAH,232.5,L:V5QSET,-28.7
1,L:RFQPAH,168,L:RFBPAH,232.5,L:V5QSET,-28.7
1,L:RFQPAH,158,L:RFBPAH,233.5,L:V5QSET,-28.7
1,L:RFQPAH,160,L:RFBPAH,233.5,L:V5QSET,-28.7
1,L:RFQPAH,162,L:RFBPAH,233.5,L:V5QSET,-28.7
1,L:RFQPAH,164,L:RFBPAH,233.5,L:V5QSET,-28.7
1,L:RFQPAH,166,L:RFBPAH,233.5,L:V5QSET,-28.7
1,L:RFQPAH,168,L:RFBPAH,233.5,L:V5QSET,-28.7
1,L:RFQPAH,158,L:RFBPAH,234.5,L:V5QSET,-28.7
1,L:RFQPAH,160,L:RFBPAH,234.5,L:V5QSET,-28.7
1,L:RFQPAH,162,L:RFBPAH,234.5,L:V5QSET,-28.7
1,L:RFQPAH,164,L:RFBPAH,234.5,L:V5QSET,-28.7
1,L:RFQPAH,166,L:RFBPAH,234.5,L:V5QSET,-28.7
1,L:RFQPAH,168,L:RFBPAH,234.5,L:V5QSET,-28.7
1,L:RFQPAH,158,L:RFBPAH,235.5,L:V5QSET,-28.7
1,L:RFQPAH,160,L:RFBPAH,235.5,L:V5QSET,-28.7
1,L:RFQPAH,162,L:RFBPAH,235.5,L:V5QSET,-28.7
1,L:RFQPAH,164,L:RFBPAH,235.5,L:V5QSET,-28.7
1,L:RFQPAH,166,L:RFBPAH,235.5,L:V5QSET,-28.7
1,L:RFQPAH,168,L:RFBPAH,235.5,L:V5QSET,-28.7
1,L:RFQPAH,158,L:RFBPAH,229.5,L:V5QSET,-28.5
1,L:RFQPAH,160,L:RFBPAH,229.5,L:V5QSET,-28.5
1,L:RFQPAH,162,L:RFBPAH,229.5,L:V5QSET,-28.5
1,L:RFQPAH,164,L:RFBPAH,229.5,L:V5QSET,-28.5
1,L:RFQPAH,166,L:RFBPAH,229.5,L:V5QSET,-28.5
1,L:RFQPAH,168,L:RFBPAH,229.5,L:V5QSET,-28.5
1,L:RFQPAH,158,L:RFBPAH,230.5,L:V5QSET,-28.5
1,L:RFQPAH,160,L:RFBPAH,230.5,L:V5QSET,-28.5
1,L:RFQPAH,162,L:RFBPAH,230.5,L:V5QSET,-28.5
1,L:RFQPAH,164,L:RFBPAH,230.5,L:V5QSET,-28.5
1,L:RFQPAH,166,L:RFBPAH,230.5,L:V5QSET,-28.5
1,L:RFQPAH,168,L:RFBPAH,230.5,L:V5QSET,-28.5
1,L:RFQPAH,158,L:RFBPAH,231.5,L:V5QSET,-28.5
1,L:RFQPAH,160,L:RFBPAH,231.5,L:V5QSET,-28.5
1,L:RFQPAH,162,L:RFBPAH,231.5,L:V5QSET,-28.5
1,L:RFQPAH,164,L:RFBPAH,231.5,L:V5QSET,-28.5
1,L:RFQPAH,166,L:RFBPAH,231.5,L:V5QSET,-28.5
1,L:RFQPAH,168,L:RFBPAH,231.5,L:V5QSET,-28.5
1,L:RFQPAH,158,L:RFBPAH,232.5,L:V5QSET,-28.5
1,L:RFQPAH,160,L:RFBPAH,232.5,L:V5QSET,-28.5
1,L:RFQPAH,162,L:RFBPAH,232.5,L:V5QSET,-28.5
1,L:RFQPAH,164,L:RFBPAH,232.5,L:V5QSET,-28.5
1,L:RFQPAH,166,L:RFBPAH,232.5,L:V5QSET,-28.5
1,L:RFQPAH,168,L:RFBPAH,232.5,L:V5QSET,-28.5
1,L:RFQPAH,158,L:RFBPAH,233.5,L:V5QSET,-28.5
1,L:RFQPAH,160,L:RFBPAH,233.5,L:V5QSET,-28.5
1,L:RFQPAH,162,L:RFBPAH,233.5,L:V5QSET,-28.5
1,L:RFQPAH,164,L:RFBPAH,233.5,L:V5QSET,-28.5
1,L:RFQPAH,166,L:RFBPAH,233.5,L:V5QSET,-28.5
1,L:RFQPAH,168,L:RFBPAH,233.5,L:V5QSET,-28.5
1,L:RFQPAH,158,L:RFBPAH,234.5,L:V5QSET,-28.5
1,L:RFQPAH,160,L:RFBPAH,234.5,L:V5QSET,-28.5
1,L:RFQPAH,162,L:RFBPAH,234.5,L:V5QSET,-28.5
1,L:RFQPAH,164,L:RFBPAH,234.5,L:V5QSET,-28.5
1,L:RFQPAH,166,L:RFBPAH,234.5,L:V5QSET,-28.5
1,L:RFQPAH,168,L:RFBPAH,234.5,L:V5QSET,-28.5
1,L:RFQPAH,158,L:RFBPAH,235.5,L:V5QSET,-28.5
1,L:RFQPAH,160,L:RFBPAH,235.5,L:V5QSET,-28.5
1,L:RFQPAH,162,L:RFBPAH,235.5,L:V5QSET,-28.5
1,L:RFQPAH,164,L:RFBPAH,235.5,L:V5QSET,-28.5
1,L:RFQPAH,166,L:RFBPAH,235.5,L:V5QSET,-28.5
1,L:RFQPAH,168,L:RFBPAH,235.5,L:V5QSET,-28.5